episode,return,length,mean_goal_error,success_ratio,episode_success,op_delta_damage_sum,self_delta_damage_sum
1,-120.75967195630074,167,0.714309415595974,0.0,0.0,0.0,0.0
2,-2.0442652702331543,2,0.5221326351165771,0.0,0.0,0.0,0.0
3,-2.21539306640625,2,0.607696533203125,0.0,0.0,0.0,0.0
4,-1.7116463482379913,2,0.35082319378852844,0.0,0.0,0.0,0.0
5,-1.8582899272441864,2,0.41914495825767517,0.0,0.0,0.0,0.0
6,-9.062760576605797,66,0.16655697786446774,1.0,1.0,0.0,0.0
7,-8.427634909749031,48,0.21640905986229578,1.0,1.0,0.0,0.0
8,-0.642452634871006,18,0.14569181038273704,1.0,1.0,0.0,0.0
9,-149.31701838970184,276,0.5343732574711675,0.0,0.0,0.0,0.0
10,-1.4477195143699646,2,0.2238597273826599,0.0,0.0,0.0,0.0
11,-1.6030558943748474,2,0.3015279173851013,0.0,0.0,0.0,0.0
12,-1.4706392288208008,2,0.2353196144104004,0.0,0.0,0.0,0.0
13,-2.1358848214149475,2,0.5679424405097961,0.0,0.0,0.0,0.0
14,-1.8854038715362549,2,0.44270193576812744,0.0,0.0,0.0,0.0
15,-1.8070127665996552,2,0.39350637793540955,0.0,0.0,0.0,0.0
16,-23.64271680265665,152,0.1651494516745994,1.0,1.0,0.0,0.0
17,-166.81394603848457,279,0.5897632511499534,0.0,0.0,0.0,0.0
18,-2.0554559230804443,2,0.5277279615402222,0.0,0.0,0.0,0.0
19,-1.843359500169754,2,0.4216797649860382,0.0,0.0,0.0,0.0
20,-1.4789461493492126,2,0.23947304487228394,0.0,0.0,0.0,0.0
21,-233.19270902872086,312,0.74327791424898,0.0,0.0,0.0,0.0
22,-1.7035837769508362,2,0.3517919182777405,0.0,0.0,0.0,0.0
23,-1.3589019179344177,2,0.17945092916488647,0.0,0.0,0.0,0.0
24,-1.3337264657020569,2,0.16686326265335083,0.0,0.0,0.0,0.0
25,-2.042046070098877,2,0.5210230350494385,0.0,0.0,0.0,0.0
26,-186.55547258257866,226,0.8186082876889051,0.0,0.0,0.0,0.0
27,-1.402495801448822,2,0.20124787092208862,0.0,0.0,0.0,0.0
28,-1.5687620341777802,2,0.2843810021877289,0.0,0.0,0.0,0.0
29,-1.7369950115680695,2,0.3684975206851959,0.0,0.0,0.0,0.0
30,-1.6261391341686249,2,0.31306955218315125,0.0,0.0,0.0,0.0
31,-145.8147147744894,379,0.3803554492606966,0.0,0.0,0.0,0.0
32,-1.605778157711029,2,0.30288904905319214,0.0,0.0,0.0,0.0
33,-1.570698320865631,2,0.28534919023513794,0.0,0.0,0.0,0.0
34,-1.2099907398223877,2,0.10499536991119385,0.0,0.0,0.0,0.0
35,1.9308969974517822,1,0.06910306215286255,1.0,1.0,0.0,0.0
36,1.9608837366104126,1,0.039116233587265015,1.0,1.0,0.0,0.0
37,-246.1418817937374,358,0.6833851458140592,0.0,0.0,0.0,0.0
38,-1.474094182252884,2,0.23704710602760315,0.0,0.0,0.0,0.0
39,1.9077082872390747,1,0.09229174256324768,1.0,1.0,0.0,0.0
40,-1.7494454681873322,2,0.37472274899482727,0.0,0.0,0.0,0.0
41,-192.09108754992485,276,0.6904387248383053,0.0,0.0,0.0,0.0
42,-1.4840837121009827,2,0.24204188585281372,0.0,0.0,0.0,0.0
43,-1.543605774641037,2,0.2718028724193573,0.0,0.0,0.0,0.0
44,-1.8703798949718475,2,0.4351899325847626,0.0,0.0,0.0,0.0
45,-1.2928376495838165,2,0.14641883969306946,0.0,0.0,0.0,0.0
46,-199.92634814977646,332,0.5976697247789566,0.0,0.0,0.0,0.0
47,1.9529629945755005,1,0.0470370352268219,1.0,1.0,0.0,0.0
48,-1.557634323835373,2,0.27381715178489685,0.0,0.0,0.0,0.0
49,-1.9290492534637451,2,0.46452462673187256,0.0,0.0,0.0,0.0
50,-2.0808920860290527,2,0.5404460430145264,0.0,0.0,0.0,0.0
51,1.905261516571045,1,0.09473851323127747,1.0,1.0,0.0,0.0
52,-97.57618730515242,215,0.46077296595240747,1.0,1.0,0.0,0.0
53,-45.38414579629898,59,0.7522736575643895,0.0,0.0,0.0,0.0
54,-1.5596821010112762,2,0.2748410403728485,0.0,0.0,0.0,0.0
55,-1.7713636755943298,2,0.38568180799484253,0.0,0.0,0.0,0.0
56,-74.35442937910557,193,0.3910074099666714,1.0,1.0,0.0,0.0
57,-190.12814950942993,213,0.8867049284384284,0.0,0.0,0.0,0.0
58,-1.9026706516742706,2,0.4463353455066681,0.0,0.0,0.0,0.0
59,-1.6968417167663574,2,0.3484208583831787,0.0,0.0,0.0,0.0
60,-1.6297436356544495,2,0.3148718476295471,0.0,0.0,0.0,0.0
61,1.9536547660827637,1,0.04634523391723633,1.0,1.0,0.0,0.0
62,-96.28461796045303,135,0.7266268009388889,1.0,1.0,0.0,0.0
63,-11.631091669201851,57,0.23229985435803732,1.0,1.0,0.0,0.0
64,-147.07400986552238,197,0.7392589354575588,0.0,0.0,0.0,0.0
65,-1.7488665282726288,2,0.3744332492351532,0.0,0.0,0.0,0.0
66,-105.76075506210327,177,0.5903997475144553,0.0,0.0,0.0,0.0
67,-1.7369325160980225,2,0.36846625804901123,0.0,0.0,0.0,0.0
68,-1.4768704771995544,2,0.23843520879745483,0.0,0.0,0.0,0.0
69,-1.801356315612793,2,0.4006781578063965,0.0,0.0,0.0,0.0
70,-1.9155259132385254,2,0.4577629566192627,0.0,0.0,0.0,0.0
71,-167.42947694659233,330,0.5025438711498723,0.0,0.0,0.0,0.0
72,-1.493239164352417,2,0.2466195821762085,0.0,0.0,0.0,0.0
73,-1.4106282591819763,2,0.20531409978866577,0.0,0.0,0.0,0.0
74,1.9002974033355713,1,0.09970265626907349,1.0,1.0,0.0,0.0
75,-1.5556198954582214,2,0.2678099274635315,0.0,0.0,0.0,0.0
76,-32.409755170345306,151,0.22423679070756924,1.0,1.0,0.0,0.0
77,-316.0798168182373,608,0.5158549639837522,0.0,0.0,0.0,0.0
78,-1.5194451808929443,2,0.25972259044647217,0.0,0.0,0.0,0.0
79,-1.6347520649433136,2,0.317376047372818,0.0,0.0,0.0,0.0
80,-1.6561904549598694,2,0.3280952572822571,0.0,0.0,0.0,0.0
81,-5.91948901116848,48,0.15978101827204227,1.0,1.0,0.0,0.0
82,-189.7936370074749,296,0.6364649910781834,0.0,0.0,0.0,0.0
83,-1.8885812759399414,2,0.4442906379699707,0.0,0.0,0.0,0.0
84,-1.363059937953949,2,0.1815299391746521,0.0,0.0,0.0,0.0
85,-1.840745985507965,2,0.42037302255630493,0.0,0.0,0.0,0.0
86,-109.91914328932762,248,0.43620622326289454,0.0,0.0,0.0,0.0
87,-1.9846047759056091,2,0.4923023581504822,0.0,0.0,0.0,0.0
88,-1.5521517395973206,2,0.27607589960098267,0.0,0.0,0.0,0.0
89,-1.7614681720733643,2,0.38073408603668213,0.0,0.0,0.0,0.0
90,1.9568233489990234,1,0.04317668080329895,1.0,1.0,0.0,0.0
91,-220.31031477451324,315,0.693302589560312,0.0,0.0,0.0,0.0
92,-1.683891773223877,2,0.3419458866119385,0.0,0.0,0.0,0.0
93,-1.3654897511005402,2,0.18274489045143127,0.0,0.0,0.0,0.0
94,-1.7200011610984802,2,0.3600005507469177,0.0,0.0,0.0,0.0
95,-1.683075875043869,2,0.3415379226207733,0.0,0.0,0.0,0.0
96,-27.907523050904274,95,0.3145002418442776,1.0,1.0,0.0,0.0
97,-33.15999040007591,96,0.3648957333837946,1.0,1.0,0.0,0.0
98,-58.96662551164627,65,0.8901019325623145,0.0,0.0,0.0,0.0
99,-1.8528571724891663,2,0.4264286160469055,0.0,0.0,0.0,0.0
100,-1.5640053153038025,2,0.28200262784957886,0.0,0.0,0.0,0.0
101,-55.71923327445984,95,0.6052550896217949,1.0,1.0,0.0,0.0
102,-73.00048667192459,153,0.4688267102038938,0.0,0.0,0.0,0.0
103,-1.4486084282398224,2,0.2243042290210724,0.0,0.0,0.0,0.0
104,-1.636113703250885,2,0.3180568814277649,0.0,0.0,0.0,0.0
105,1.9194843769073486,1,0.08051565289497375,1.0,1.0,0.0,0.0
106,-79.96477219462395,231,0.352791223562125,1.0,1.0,0.0,0.0
107,-41.42870044708252,51,0.7887980517219094,0.0,0.0,0.0,0.0
108,-1.6026492416858673,2,0.30132463574409485,0.0,0.0,0.0,0.0
109,-2.086649179458618,2,0.5433245897293091,0.0,0.0,0.0,0.0
110,-1.856865406036377,2,0.4284327030181885,0.0,0.0,0.0,0.0
111,1.9005225896835327,1,0.09947741031646729,1.0,1.0,0.0,0.0
112,-241.00404025614262,720,0.33107505804962584,0.0,0.0,0.0,0.0
113,-1.8419277667999268,2,0.4209638833999634,0.0,0.0,0.0,0.0
114,-1.320955216884613,2,0.16047757863998413,0.0,0.0,0.0,0.0
115,-1.5164620876312256,2,0.2532310485839844,0.0,0.0,0.0,0.0
116,-63.067658483982086,219,0.2829116826460242,0.0,0.0,0.0,0.0
117,-1.4320302307605743,2,0.21601513028144836,0.0,0.0,0.0,0.0
118,-1.5041048526763916,2,0.2520524263381958,0.0,0.0,0.0,0.0
119,-1.7032856345176697,2,0.35164278745651245,0.0,0.0,0.0,0.0
120,-2.0423516631126404,2,0.5211758017539978,0.0,0.0,0.0,0.0
121,-60.14946146309376,182,0.3234585803616178,0.0,0.0,0.0,0.0
122,-2.073784589767456,2,0.536892294883728,0.0,0.0,0.0,0.0
123,-1.416152000427246,2,0.20807600021362305,0.0,0.0,0.0,0.0
124,-1.7043449878692627,2,0.35217249393463135,0.0,0.0,0.0,0.0
125,-30.22737130522728,100,0.3213737139105797,1.0,1.0,0.0,0.0
126,-57.25851058959961,83,0.6778133805975857,0.0,0.0,0.0,0.0
127,-1.8601483702659607,2,0.43007415533065796,0.0,0.0,0.0,0.0
128,-2.041612684726715,2,0.5208063721656799,0.0,0.0,0.0,0.0
129,-2.129967749118805,2,0.5649839043617249,0.0,0.0,0.0,0.0
130,-1.5774261951446533,2,0.28871309757232666,0.0,0.0,0.0,0.0
131,-135.1910479068756,304,0.4407929212933308,0.0,0.0,0.0,0.0
132,-1.9648871719837189,2,0.48244360089302063,0.0,0.0,0.0,0.0
133,-1.504737913608551,2,0.2523689866065979,0.0,0.0,0.0,0.0
134,-2.0440399646759033,2,0.5220199823379517,0.0,0.0,0.0,0.0
135,-1.651122808456421,2,0.32556140422821045,0.0,0.0,0.0,0.0
136,-38.02082688361406,134,0.2970210976565062,1.0,1.0,0.0,0.0
137,-94.22119370102882,111,0.8380287748736304,0.0,0.0,0.0,0.0
138,1.9439200162887573,1,0.05607995390892029,1.0,1.0,0.0,0.0
139,-1.684652328491211,2,0.34232616424560547,0.0,0.0,0.0,0.0
140,-1.752777338027954,2,0.37638866901397705,0.0,0.0,0.0,0.0
141,-40.3330434858799,87,0.4865867067342517,1.0,1.0,0.0,0.0
142,-139.54704669117928,174,0.7953278547388384,0.0,0.0,0.0,0.0
143,-1.9806247353553772,2,0.490312397480011,0.0,0.0,0.0,0.0
144,-30.565062284469604,111,0.29337893976821555,1.0,1.0,0.0,0.0
145,-22.997007243335247,74,0.3359055039850441,1.0,1.0,0.0,0.0
146,-2.9196293354034424,2,0.9598146677017212,0.0,0.0,0.0,0.0
147,-1.3518950939178467,2,0.17594754695892334,0.0,0.0,0.0,0.0
148,-2.1077789664268494,2,0.5538894534111023,0.0,0.0,0.0,0.0
149,-1.7497212588787079,2,0.37486061453819275,0.0,0.0,0.0,0.0
150,-1.6460824608802795,2,0.32304126024246216,0.0,0.0,0.0,0.0
151,-16.678952991962433,96,0.1931140935048461,1.0,1.0,0.0,0.0
152,-265.4725215435028,488,0.5407428731073122,0.0,0.0,0.0,0.0
153,-1.814851462841034,2,0.40242570638656616,0.0,0.0,0.0,0.0
154,-1.4129340946674347,2,0.20646706223487854,0.0,0.0,0.0,0.0
155,-1.7190091907978058,2,0.3595046103000641,0.0,0.0,0.0,0.0
156,-101.41024351119995,221,0.45258028919880205,0.0,0.0,0.0,0.0
157,-1.9940507113933563,2,0.49702534079551697,0.0,0.0,0.0,0.0
158,-1.5342280566692352,2,0.2671140134334564,0.0,0.0,0.0,0.0
159,-1.7918986976146698,2,0.3959493339061737,0.0,0.0,0.0,0.0
160,-1.7518286108970642,2,0.3759142756462097,0.0,0.0,0.0,0.0
161,-70.76048839092255,103,0.6764125106404129,0.0,0.0,0.0,0.0
162,-1.6080434024333954,2,0.3040216863155365,0.0,0.0,0.0,0.0
163,-1.4223379492759705,2,0.21116894483566284,0.0,0.0,0.0,0.0
164,-1.8858189284801483,2,0.44290944933891296,0.0,0.0,0.0,0.0
165,-1.6669244170188904,2,0.3334621787071228,0.0,0.0,0.0,0.0
166,-72.22705388069153,173,0.4106766128471132,0.0,0.0,0.0,0.0
167,-1.5420634746551514,2,0.2710317373275757,0.0,0.0,0.0,0.0
168,-1.7725768387317657,2,0.38628843426704407,0.0,0.0,0.0,0.0
169,-1.9802725315093994,2,0.4901362657546997,0.0,0.0,0.0,0.0
170,-1.8099111914634705,2,0.40495556592941284,0.0,0.0,0.0,0.0
171,-8.347369022667408,90,0.11352632310655382,1.0,1.0,0.0,0.0
172,-11.882887184619904,68,0.20298363531337066,1.0,1.0,0.0,0.0
173,-36.77209295332432,129,0.2979232033555822,1.0,1.0,0.0,0.0
174,-152.33643060922623,162,0.9336199425620797,0.0,0.0,0.0,0.0
175,-1.4721031785011292,2,0.23605161905288696,0.0,0.0,0.0,0.0
176,-24.353318005800247,126,0.2080422057991936,1.0,1.0,0.0,0.0
177,-108.35654702782631,167,0.642853575016924,0.0,0.0,0.0,0.0
178,-1.433158129453659,2,0.21657904982566833,0.0,0.0,0.0,0.0
179,-1.9188311100006104,2,0.4594155550003052,0.0,0.0,0.0,0.0
180,-1.8094799220561981,2,0.40473994612693787,0.0,0.0,0.0,0.0
181,-161.95251834392548,270,0.5952315501592778,0.0,0.0,0.0,0.0
182,1.9045252799987793,1,0.09547466039657593,1.0,1.0,0.0,0.0
183,1.940761923789978,1,0.05923810601234436,1.0,1.0,0.0,0.0
184,-1.6860213875770569,2,0.34301072359085083,0.0,0.0,0.0,0.0
185,-1.5506918728351593,2,0.27534595131874084,0.0,0.0,0.0,0.0
186,-42.87508377432823,135,0.33151913947529266,1.0,1.0,0.0,0.0
187,-102.70362463593483,152,0.6687738464066857,0.0,0.0,0.0,0.0
188,-1.8218683898448944,2,0.410934180021286,0.0,0.0,0.0,0.0
189,-1.7114262580871582,2,0.3557131290435791,0.0,0.0,0.0,0.0
190,-1.5345082879066467,2,0.26725417375564575,0.0,0.0,0.0,0.0
191,-36.851788222789764,143,0.2714111063030216,1.0,1.0,0.0,0.0
192,-2.9696964398026466,26,0.18729601743129584,1.0,1.0,0.0,0.0
193,-176.8926312327385,280,0.6271522551774978,0.0,0.0,0.0,0.0
194,-1.3654520809650421,2,0.18272605538368225,0.0,0.0,0.0,0.0
195,-1.6057528853416443,2,0.30287641286849976,0.0,0.0,0.0,0.0
196,-123.89800653606653,360,0.34813335264722506,1.0,1.0,0.0,0.0
197,-54.81701040267944,66,0.8151062185114081,0.0,0.0,0.0,0.0
198,-1.3567876517772675,2,0.17839381098747253,0.0,0.0,0.0,0.0
199,-1.6400112807750702,2,0.3200056254863739,0.0,0.0,0.0,0.0
200,-1.9002907574176788,2,0.4501453936100006,0.0,0.0,0.0,0.0
201,-29.17284169793129,93,0.33142840798183154,1.0,1.0,0.0,0.0
202,1.9192566871643066,1,0.08074334263801575,1.0,1.0,0.0,0.0
203,-23.81533308327198,78,0.32891452732758647,1.0,1.0,0.0,0.0
204,-92.14398193359375,102,0.8933723720849729,0.0,0.0,0.0,0.0
205,-2.010071337223053,2,0.5050356984138489,0.0,0.0,0.0,0.0
206,-324.4828534722328,407,0.7934468155703908,0.0,0.0,0.0,0.0
207,-1.728228509426117,2,0.3641142249107361,0.0,0.0,0.0,0.0
208,-1.6827836334705353,2,0.34139183163642883,0.0,0.0,0.0,0.0
209,-1.6945719420909882,2,0.3472859561443329,0.0,0.0,0.0,0.0
210,-1.6653327941894531,2,0.33266639709472656,0.0,0.0,0.0,0.0
211,-22.54911708831787,81,0.3030755196088626,1.0,1.0,0.0,0.0
212,-70.02565196156502,165,0.4342160745100542,1.0,1.0,0.0,0.0
213,-110.01701480150223,118,0.9229408037864556,0.0,0.0,0.0,0.0
214,-1.6899092197418213,2,0.34495460987091064,0.0,0.0,0.0,0.0
215,-1.6186371445655823,2,0.3093186020851135,0.0,0.0,0.0,0.0
216,-297.5067579895258,482,0.6134580057500804,0.0,0.0,0.0,0.0
217,-1.4527616798877716,2,0.226380854845047,0.0,0.0,0.0,0.0
218,-1.929980218410492,2,0.4649900794029236,0.0,0.0,0.0,0.0
219,-1.516827791929245,2,0.2584138810634613,0.0,0.0,0.0,0.0
220,-1.4878251552581787,2,0.24391257762908936,0.0,0.0,0.0,0.0
221,1.9434192180633545,1,0.05658072233200073,1.0,1.0,0.0,0.0
222,-132.95962789654732,246,0.5349984889834877,0.0,0.0,0.0,0.0
223,-1.5599145293235779,2,0.27995723485946655,0.0,0.0,0.0,0.0
224,-1.5530321598052979,2,0.2765160799026489,0.0,0.0,0.0,0.0
225,-2.149826467037201,2,0.5749132037162781,0.0,0.0,0.0,0.0
226,-101.18744358420372,261,0.38251894164359435,0.0,0.0,0.0,0.0
227,-2.01206773519516,2,0.5060338377952576,0.0,0.0,0.0,0.0
228,-1.943826675415039,2,0.47191333770751953,0.0,0.0,0.0,0.0
229,-1.6500192284584045,2,0.32500964403152466,0.0,0.0,0.0,0.0
230,-1.605907678604126,2,0.302953839302063,0.0,0.0,0.0,0.0
231,-66.35685385018587,192,0.3537856989229719,1.0,1.0,0.0,0.0
232,-60.17530781030655,85,0.6950036224196939,0.0,0.0,0.0,0.0
233,-1.790449857711792,2,0.395224928855896,0.0,0.0,0.0,0.0
234,-1.7719447910785675,2,0.38597241044044495,0.0,0.0,0.0,0.0
235,-2.0833482146263123,2,0.5416740775108337,0.0,0.0,0.0,0.0
236,-122.79043857753277,243,0.5117713535518803,1.0,1.0,0.0,0.0
237,-34.878970712423325,56,0.6035530497985226,0.0,0.0,0.0,0.0
238,1.9277697801589966,1,0.07223021984100342,1.0,1.0,0.0,0.0
239,-1.5821409821510315,2,0.29107052087783813,0.0,0.0,0.0,0.0
240,1.9243593215942383,1,0.07564067840576172,1.0,1.0,0.0,0.0
241,-158.47196850180626,391,0.4007211479994342,0.0,0.0,0.0,0.0
242,-1.7597580254077911,2,0.37987902760505676,0.0,0.0,0.0,0.0
243,-1.9064750671386719,2,0.4482375383377075,0.0,0.0,0.0,0.0
244,-1.644650936126709,2,0.3223254680633545,0.0,0.0,0.0,0.0
245,-1.9813284873962402,2,0.4906642436981201,0.0,0.0,0.0,0.0
246,-188.13092038035393,293,0.6372045080206094,0.0,0.0,0.0,0.0
247,-1.5028604865074158,2,0.2514302134513855,0.0,0.0,0.0,0.0
248,-1.3452970385551453,2,0.16764849424362183,0.0,0.0,0.0,0.0
249,-2.1676852703094482,2,0.5838426351547241,0.0,0.0,0.0,0.0
250,1.9154422283172607,1,0.08455774188041687,1.0,1.0,0.0,0.0
251,-205.81323777139187,412,0.4950806750255881,0.0,0.0,0.0,0.0
252,-1.7775664627552032,2,0.3887832462787628,0.0,0.0,0.0,0.0
253,-2.0679173469543457,2,0.5339586734771729,0.0,0.0,0.0,0.0
254,1.9341397285461426,1,0.06586030125617981,1.0,1.0,0.0,0.0
255,-1.5185482501983643,2,0.25927412509918213,0.0,0.0,0.0,0.0
256,-57.546554423868656,226,0.261533425972525,1.0,1.0,0.0,0.0
257,-99.29943937063217,157,0.6249008884855137,0.0,0.0,0.0,0.0
258,-1.353007048368454,2,0.1765035092830658,0.0,0.0,0.0,0.0
259,1.9068224430084229,1,0.09317749738693237,1.0,1.0,0.0,0.0
260,-1.9733009040355682,2,0.4866504371166229,0.0,0.0,0.0,0.0
261,-184.2571995705366,442,0.4120524891428818,0.0,0.0,0.0,0.0
262,-1.6796722412109375,2,0.33983612060546875,0.0,0.0,0.0,0.0
263,-2.1319494247436523,2,0.5659747123718262,0.0,0.0,0.0,0.0
264,-1.584213674068451,2,0.2921068072319031,0.0,0.0,0.0,0.0
265,-2.105793058872223,2,0.5528965592384338,0.0,0.0,0.0,0.0
266,-116.85635447502136,206,0.560613372950878,0.0,0.0,0.0,0.0
267,1.907238483428955,1,0.09276154637336731,1.0,1.0,0.0,0.0
268,-1.3444581627845764,2,0.1722291111946106,0.0,0.0,0.0,0.0
269,-1.7226531207561493,2,0.36132654547691345,0.0,0.0,0.0,0.0
270,-1.7822158336639404,2,0.3911079168319702,0.0,0.0,0.0,0.0
271,-3.4999153316020966,42,0.12904560211158933,1.0,1.0,0.0,0.0
272,-112.64996762573719,303,0.37504940074269133,1.0,1.0,0.0,0.0
273,-60.86096069216728,77,0.7752072853701455,0.0,0.0,0.0,0.0
274,-1.654537707567215,2,0.3272688686847687,0.0,0.0,0.0,0.0
275,1.926196575164795,1,0.07380348443984985,1.0,1.0,0.0,0.0
276,-295.9951145350933,473,0.621363880644389,0.0,0.0,0.0,0.0
277,-1.5633134245872498,2,0.2816566824913025,0.0,0.0,0.0,0.0
278,-1.6349067687988281,2,0.31745338439941406,0.0,0.0,0.0,0.0
279,-1.9225766360759735,2,0.46128830313682556,0.0,0.0,0.0,0.0
280,-1.6081246733665466,2,0.3040623068809509,0.0,0.0,0.0,0.0
281,-23.715457499027252,92,0.27864627766868344,1.0,1.0,0.0,0.0
282,-117.30479811131954,277,0.41781515657686585,0.0,0.0,0.0,0.0
283,-1.255958616733551,2,0.1279793381690979,0.0,0.0,0.0,0.0
284,-1.2384798526763916,2,0.11423993110656738,0.0,0.0,0.0,0.0
285,-1.5661874413490295,2,0.28309375047683716,0.0,0.0,0.0,0.0
286,-113.28866556286812,267,0.4180848911572038,0.0,0.0,0.0,0.0
287,-1.4660910964012146,2,0.2330455183982849,0.0,0.0,0.0,0.0
288,-1.9186621010303497,2,0.45933106541633606,0.0,0.0,0.0,0.0
289,-1.8051503002643585,2,0.40257516503334045,0.0,0.0,0.0,0.0
290,-1.7875236868858337,2,0.3937618136405945,0.0,0.0,0.0,0.0
291,-75.70430564880371,255,0.3018208075387805,1.0,1.0,0.0,0.0
292,-71.7878760099411,129,0.5466502020063326,0.0,0.0,0.0,0.0
293,-1.8241017162799835,2,0.41205087304115295,0.0,0.0,0.0,0.0
294,-1.821052610874176,2,0.4105263352394104,0.0,0.0,0.0,0.0
295,-2.120145559310913,2,0.5600727796554565,0.0,0.0,0.0,0.0
296,-294.40183368325233,674,0.432940408233719,0.0,0.0,0.0,0.0
297,-1.7622580826282501,2,0.38112905621528625,0.0,0.0,0.0,0.0
298,-1.551347017288208,2,0.275673508644104,0.0,0.0,0.0,0.0
299,-1.500741422176361,2,0.25037068128585815,0.0,0.0,0.0,0.0
300,-1.9917554259300232,2,0.4958776831626892,0.0,0.0,0.0,0.0
301,-130.59442254900932,388,0.3321505734293731,0.0,0.0,0.0,0.0
302,-1.8739308714866638,2,0.4369654059410095,0.0,0.0,0.0,0.0
303,-1.2740371227264404,2,0.1320185661315918,0.0,0.0,0.0,0.0
304,-1.7760083675384521,2,0.3880041837692261,0.0,0.0,0.0,0.0
305,1.9739816188812256,1,0.02601832151412964,1.0,1.0,0.0,0.0
306,-146.7448119521141,254,0.5718299706620494,0.0,0.0,0.0,0.0
307,-1.7919125258922577,2,0.39595624804496765,0.0,0.0,0.0,0.0
308,-1.9210863709449768,2,0.4605432152748108,0.0,0.0,0.0,0.0
309,-1.8766021728515625,2,0.43830108642578125,0.0,0.0,0.0,0.0
310,-1.5063342452049255,2,0.2531670928001404,0.0,0.0,0.0,0.0
311,-3.222680665552616,33,0.15735395839720062,1.0,1.0,0.0,0.0
312,-63.21953235566616,184,0.35249745910582336,1.0,1.0,0.0,0.0
313,-87.54201719164848,110,0.7846547048200261,0.0,0.0,0.0,0.0
314,-1.6570124328136444,2,0.328506201505661,0.0,0.0,0.0,0.0
315,-1.655862808227539,2,0.32793140411376953,0.0,0.0,0.0,0.0
316,-410.44531624019146,915,0.44614788769372826,0.0,0.0,0.0,0.0
317,-1.4726839661598206,2,0.23634201288223267,0.0,0.0,0.0,0.0
318,-1.869977056980133,2,0.4349885582923889,0.0,0.0,0.0,0.0
319,-1.6405620276927948,2,0.3202809989452362,0.0,0.0,0.0,0.0
320,-1.450007975101471,2,0.22500401735305786,0.0,0.0,0.0,0.0
321,-49.810726046562195,184,0.2796778597909471,1.0,1.0,0.0,0.0
322,-116.93092978000641,162,0.7150674683076365,0.0,0.0,0.0,0.0
323,-1.4224932491779327,2,0.21124663949012756,0.0,0.0,0.0,0.0
324,-1.6951364874839783,2,0.34256821870803833,0.0,0.0,0.0,0.0
325,-1.7805356681346893,2,0.39026781916618347,0.0,0.0,0.0,0.0
326,-151.06482249498367,212,0.7060133148476763,0.0,0.0,0.0,0.0
327,-1.8641887307167053,2,0.43209439516067505,0.0,0.0,0.0,0.0
328,-1.8296501636505127,2,0.41482508182525635,0.0,0.0,0.0,0.0
329,-2.060227155685425,2,0.5301135778427124,0.0,0.0,0.0,0.0
330,-1.4207994937896729,2,0.21039974689483643,0.0,0.0,0.0,0.0
331,-59.84646575152874,198,0.3112447773567354,1.0,1.0,0.0,0.0
332,-6.12167851626873,40,0.20179196149110795,1.0,1.0,0.0,0.0
333,-53.92897905409336,83,0.6363732435976166,0.0,0.0,0.0,0.0
334,-1.3852920234203339,2,0.19264599680900574,0.0,0.0,0.0,0.0
335,-1.7404041588306427,2,0.37020209431648254,0.0,0.0,0.0,0.0
336,-42.44374290108681,159,0.27782228401621933,1.0,1.0,0.0,0.0
337,-67.62797155976295,148,0.4684998101076564,1.0,1.0,0.0,0.0
338,-23.684031069278717,50,0.45228062391281126,0.0,0.0,0.0,0.0
339,-1.2951581478118896,2,0.14757907390594482,0.0,0.0,0.0,0.0
340,1.9465619325637817,1,0.05343806743621826,1.0,1.0,0.0,0.0
341,-468.8636498749256,671,0.6955643083050781,0.0,0.0,0.0,0.0
342,-1.79629448056221,2,0.39814725518226624,0.0,0.0,0.0,0.0
343,-1.5695183277130127,2,0.28475916385650635,0.0,0.0,0.0,0.0
344,-1.9069600701332092,2,0.453480064868927,0.0,0.0,0.0,0.0
345,-1.655549794435501,2,0.32777491211891174,0.0,0.0,0.0,0.0
346,-170.88386699557304,417,0.406220305273287,0.0,0.0,0.0,0.0
347,-1.6282996833324432,2,0.3141498267650604,0.0,0.0,0.0,0.0
348,-1.3528257012367249,2,0.17641288042068481,0.0,0.0,0.0,0.0
349,-2.1331101059913635,2,0.5665550827980042,0.0,0.0,0.0,0.0
350,-1.8387555480003357,2,0.41937774419784546,0.0,0.0,0.0,0.0
351,-112.11074678599834,247,0.46048885439088955,1.0,1.0,0.0,0.0
352,-136.72648003697395,291,0.47528000140108195,1.0,1.0,0.0,0.0
353,-35.183228239417076,47,0.7262388994085028,0.0,0.0,0.0,0.0
354,-2.097735345363617,2,0.5488676428794861,0.0,0.0,0.0,0.0
355,-1.9351036548614502,2,0.4675518274307251,0.0,0.0,0.0,0.0
356,-126.60550154745579,359,0.356254879520132,1.0,1.0,0.0,0.0
357,-197.71935918927193,408,0.48717980371678576,1.0,1.0,0.0,0.0
358,-21.697325706481934,47,0.4388792705028615,0.0,0.0,0.0,0.0
359,-1.3310568034648895,2,0.16552838683128357,0.0,0.0,0.0,0.0
360,-1.6979541182518005,2,0.3489770293235779,0.0,0.0,0.0,0.0
361,-29.7832770049572,75,0.4223103606700897,1.0,1.0,0.0,0.0
362,-427.50819051265717,678,0.6280651786598133,0.0,0.0,0.0,0.0
363,-1.338115930557251,2,0.1690579652786255,0.0,0.0,0.0,0.0
364,-1.7145113945007324,2,0.3572556972503662,0.0,0.0,0.0,0.0
365,-1.5183382034301758,2,0.2591691017150879,0.0,0.0,0.0,0.0
366,-79.14842206984758,176,0.44334330748427997,0.0,0.0,0.0,0.0
367,-1.437573879957199,2,0.21878692507743835,0.0,0.0,0.0,0.0
368,-1.5867905914783478,2,0.2933953106403351,0.0,0.0,0.0,0.0
369,-1.4350013136863708,2,0.21750062704086304,0.0,0.0,0.0,0.0
370,-1.5389752686023712,2,0.2694876492023468,0.0,0.0,0.0,0.0
371,-78.65520080924034,243,0.32965103368209714,1.0,1.0,0.0,0.0
372,-2.21472205221653,24,0.1743634156882763,1.0,1.0,0.0,0.0
373,-213.18356463313103,396,0.5349837497930334,0.0,0.0,0.0,0.0
374,-1.6349640488624573,2,0.317482054233551,0.0,0.0,0.0,0.0
375,-1.4580271542072296,2,0.229013592004776,0.0,0.0,0.0,0.0
376,-148.4693502187729,284,0.5179906710982323,0.0,0.0,0.0,0.0
377,1.9214588403701782,1,0.07854115962982178,1.0,1.0,0.0,0.0
378,-2.0895845890045166,2,0.5447922945022583,0.0,0.0,0.0,0.0
379,-1.5336277186870575,2,0.26681384444236755,0.0,0.0,0.0,0.0
380,-1.6664128005504608,2,0.3332063853740692,0.0,0.0,0.0,0.0
381,-413.27552902698517,638,0.6451027112134198,0.0,0.0,0.0,0.0
382,-2.0116752982139587,2,0.505837619304657,0.0,0.0,0.0,0.0
383,-1.4381480813026428,2,0.2190740704536438,0.0,0.0,0.0,0.0
384,-2.1256515979766846,2,0.5628257989883423,0.0,0.0,0.0,0.0
385,1.9005193710327148,1,0.09948068857192993,1.0,1.0,0.0,0.0
386,1.9146450757980347,1,0.08535495400428772,1.0,1.0,0.0,0.0
387,-25.63985323905945,82,0.33597382139868853,1.0,1.0,0.0,0.0
388,-139.9345696568489,179,0.7753327921782126,0.0,0.0,0.0,0.0
389,-1.612964689731598,2,0.30648237466812134,0.0,0.0,0.0,0.0
390,-1.61947301030159,2,0.3097365200519562,0.0,0.0,0.0,0.0
391,-8.873716436326504,54,0.1995132659320478,1.0,1.0,0.0,0.0
392,-43.66348797082901,162,0.28100918546135045,1.0,1.0,0.0,0.0
393,-710.5495027601719,1200,0.5908412534743548,0.0,0.0,0.0,0.0
394,0.48951321840286255,12,0.12587390343348184,1.0,1.0,0.0,0.0
395,-29.738684237003326,50,0.5733736872673034,0.0,0.0,0.0,0.0
396,1.9462556838989258,1,0.053744345903396606,1.0,1.0,0.0,0.0
397,-344.3891259133816,689,0.4974152780366394,0.0,0.0,0.0,0.0
398,-1.5727114379405975,2,0.2863557040691376,0.0,0.0,0.0,0.0
399,-1.3923330307006836,2,0.1961665153503418,0.0,0.0,0.0,0.0
400,-1.9345526099205017,2,0.46727627515792847,0.0,0.0,0.0,0.0
401,-38.94075237214565,171,0.23889328896650794,1.0,1.0,0.0,0.0
402,-21.20163130760193,81,0.2861929789737419,1.0,1.0,0.0,0.0
403,-44.97541528940201,59,0.7444985640251031,0.0,0.0,0.0,0.0
404,-1.9227454662322998,2,0.4613727331161499,0.0,0.0,0.0,0.0
405,-1.604811191558838,2,0.30240559577941895,0.0,0.0,0.0,0.0
406,-139.38336589932442,214,0.6452026457708573,0.0,0.0,0.0,0.0
407,-1.954472303390503,2,0.47723615169525146,0.0,0.0,0.0,0.0
408,-1.6896040439605713,2,0.34480202198028564,0.0,0.0,0.0,0.0
409,-1.6098973751068115,2,0.30494868755340576,0.0,0.0,0.0,0.0
410,-1.5774555802345276,2,0.2887278199195862,0.0,0.0,0.0,0.0
411,-74.50237606465816,266,0.28662547385109993,1.0,1.0,0.0,0.0
412,-76.6716077029705,151,0.5003417736252412,0.0,0.0,0.0,0.0
413,-1.800710916519165,2,0.4003554582595825,0.0,0.0,0.0,0.0
414,-1.3480093479156494,2,0.1740046739578247,0.0,0.0,0.0,0.0
415,-1.7854170203208923,2,0.3927084803581238,0.0,0.0,0.0,0.0
416,-433.72906106710434,701,0.6160471638327149,0.0,0.0,0.0,0.0
417,-1.785124272108078,2,0.3925621211528778,0.0,0.0,0.0,0.0
418,-1.9824735522270203,2,0.4862367510795593,0.0,0.0,0.0,0.0
419,-1.4669412970542908,2,0.233470618724823,0.0,0.0,0.0,0.0
420,-1.3879671394824982,2,0.19398358464241028,0.0,0.0,0.0,0.0
421,-141.48113033920527,344,0.40764863477196805,0.0,0.0,0.0,0.0
422,-1.683053731918335,2,0.3415268659591675,0.0,0.0,0.0,0.0
423,-1.489805430173874,2,0.24490270018577576,0.0,0.0,0.0,0.0
424,-2.0254225730895996,2,0.5127112865447998,0.0,0.0,0.0,0.0
425,-1.5559318363666534,2,0.2779659330844879,0.0,0.0,0.0,0.0
426,-28.511245787143707,69,0.4419021131335825,1.0,1.0,0.0,0.0
427,-19.201965048909187,69,0.3065502177114072,1.0,1.0,0.0,0.0
428,-79.03208228945732,104,0.7491546373527783,0.0,0.0,0.0,0.0
429,-1.7897233366966248,2,0.39486163854599,0.0,0.0,0.0,0.0
430,-1.7091240882873535,2,0.35456204414367676,0.0,0.0,0.0,0.0
431,1.9583770036697388,1,0.04162302613258362,1.0,1.0,0.0,0.0
432,-111.13447125256062,296,0.3813326740385713,1.0,1.0,0.0,0.0
433,1.9422106742858887,1,0.05778929591178894,1.0,1.0,0.0,0.0
434,-274.8680924475193,428,0.6388740488719717,0.0,0.0,0.0,0.0
435,-2.059215545654297,2,0.5296077728271484,0.0,0.0,0.0,0.0
436,-386.22644816339016,998,0.385016481927736,0.0,0.0,0.0,0.0
437,-1.2842280864715576,2,0.1421140432357788,0.0,0.0,0.0,0.0
438,-1.6494317650794983,2,0.32471591234207153,0.0,0.0,0.0,0.0
439,-1.7013725936412811,2,0.34568628668785095,0.0,0.0,0.0,0.0
440,-1.6449272632598877,2,0.32246363162994385,0.0,0.0,0.0,0.0
441,1.9409458637237549,1,0.05905419588088989,1.0,1.0,0.0,0.0
442,-373.6051590144634,683,0.5445756363746537,0.0,0.0,0.0,0.0
443,-1.5473489165306091,2,0.2736744284629822,0.0,0.0,0.0,0.0
444,-1.8902008831501007,2,0.44510045647621155,0.0,0.0,0.0,0.0
445,-1.6549520790576935,2,0.32747605443000793,0.0,0.0,0.0,0.0
446,-6.889098793268204,63,0.14077934480848767,1.0,1.0,0.0,0.0
447,-30.205536291003227,102,0.3154464346521041,1.0,1.0,0.0,0.0
448,-71.82225573062897,86,0.8222355329713156,0.0,0.0,0.0,0.0
449,-2.0476207733154297,2,0.5238103866577148,0.0,0.0,0.0,0.0
450,-1.5621492862701416,2,0.2810746431350708,0.0,0.0,0.0,0.0
451,-50.62501780688763,122,0.43036899898873,1.0,1.0,0.0,0.0
452,-42.45601615309715,78,0.5296925157308578,0.0,0.0,0.0,0.0
453,-1.3937909007072449,2,0.19189542531967163,0.0,0.0,0.0,0.0
454,-1.5710071921348572,2,0.2855035662651062,0.0,0.0,0.0,0.0
455,-1.783361703157425,2,0.39168086647987366,0.0,0.0,0.0,0.0
456,-155.03412413597107,684,0.22847094184212519,1.0,1.0,0.0,0.0
457,1.9208910465240479,1,0.07910889387130737,1.0,1.0,0.0,0.0
458,1.811668187379837,2,0.09416592121124268,1.0,1.0,0.0,0.0
459,-63.696282640099525,206,0.3028460328729407,0.0,0.0,0.0,0.0
460,-1.7424544990062714,2,0.3712272346019745,0.0,0.0,0.0,0.0
461,-470.3817806094885,1133,0.41249054036409794,0.0,0.0,0.0,0.0
462,-1.9201121628284454,2,0.4600560963153839,0.0,0.0,0.0,0.0
463,-1.3230858445167542,2,0.16154295206069946,0.0,0.0,0.0,0.0
464,-1.4197726249694824,2,0.2098863124847412,0.0,0.0,0.0,0.0
465,-1.2522467970848083,2,0.12112337350845337,0.0,0.0,0.0,0.0
466,-449.9987418949604,1200,0.3737739522755146,0.0,0.0,0.0,0.0
467,-124.38143408298492,125,0.9860114727020264,0.0,0.0,0.0,0.0
468,-1.7110128104686737,2,0.35550639033317566,0.0,0.0,0.0,0.0
469,-1.8306546211242676,2,0.4153273105621338,0.0,0.0,0.0,0.0
470,-1.2410123646259308,2,0.12050619721412659,0.0,0.0,0.0,0.0
471,-206.61785716563463,614,0.3386447191578169,1.0,1.0,0.0,0.0
472,-30.87271562218666,56,0.5318342090717384,0.0,0.0,0.0,0.0
473,-2.160238206386566,2,0.5801190733909607,0.0,0.0,0.0,0.0
474,-1.3329753279685974,2,0.16648763418197632,0.0,0.0,0.0,0.0
475,1.9256418943405151,1,0.07435810565948486,1.0,1.0,0.0,0.0
476,-23.48598463833332,128,0.19746862933970988,1.0,1.0,0.0,0.0
477,-373.8651487380266,905,0.4107570712902269,0.0,0.0,0.0,0.0
478,1.9129945039749146,1,0.08700546622276306,1.0,1.0,0.0,0.0
479,-1.4177444279193878,2,0.2088722288608551,0.0,0.0,0.0,0.0
480,-1.654188096523285,2,0.32709401845932007,0.0,0.0,0.0,0.0
481,-284.8966354727745,435,0.6516704274320054,0.0,0.0,0.0,0.0
482,-1.6498534083366394,2,0.3199266791343689,0.0,0.0,0.0,0.0
483,-1.828188419342041,2,0.4140942096710205,0.0,0.0,0.0,0.0
484,-1.7512021660804749,2,0.3756011128425598,0.0,0.0,0.0,0.0
485,-1.6102284789085388,2,0.305114209651947,0.0,0.0,0.0,0.0
486,-12.562574625015259,57,0.2546065726823974,1.0,1.0,0.0,0.0
487,-222.95010022819042,497,0.4457949709364586,0.0,0.0,0.0,0.0
488,-2.1570732593536377,2,0.568536639213562,0.0,0.0,0.0,0.0
489,1.9880565404891968,1,0.011943459510803223,1.0,1.0,0.0,0.0
490,-1.5226499736309052,2,0.2613249719142914,0.0,0.0,0.0,0.0
491,-51.43934364616871,165,0.3231475375818484,1.0,1.0,0.0,0.0
492,-7.1254852414131165,41,0.22208500635333178,1.0,1.0,0.0,0.0
493,-91.66972136497498,115,0.7873019257317418,0.0,0.0,0.0,0.0
494,-1.7706096172332764,2,0.3853048086166382,0.0,0.0,0.0,0.0
495,-1.705974817276001,2,0.3529874086380005,0.0,0.0,0.0,0.0
496,-358.4339382201433,734,0.48602716452175654,0.0,0.0,0.0,0.0
497,-2.0743722915649414,2,0.5371861457824707,0.0,0.0,0.0,0.0
498,-2.063767433166504,2,0.531883716583252,0.0,0.0,0.0,0.0
499,-1.2729597091674805,2,0.13147985935211182,0.0,0.0,0.0,0.0
500,-1.751082956790924,2,0.3755415081977844,0.0,0.0,0.0,0.0
501,-73.35893361270428,350,0.21456838156495775,1.0,1.0,0.0,0.0
502,-1.8692705929279327,24,0.15955294171969095,1.0,1.0,0.0,0.0
503,-2.2940579801797867,23,0.186263391505117,1.0,1.0,0.0,0.0
504,-63.350430741906166,252,0.2578985346924691,1.0,1.0,0.0,0.0
505,-29.69335424900055,40,0.7165838584303856,0.0,0.0,0.0,0.0
506,-10.706755250692368,32,0.3955236030742526,1.0,1.0,0.0,0.0
507,-89.96426630020142,124,0.7163247293041598,0.0,0.0,0.0,0.0
508,-1.2844063937664032,2,0.1422031819820404,0.0,0.0,0.0,0.0
509,-1.356162965297699,2,0.1780814528465271,0.0,0.0,0.0,0.0
510,-1.8558500111103058,2,0.42292502522468567,0.0,0.0,0.0,0.0
511,-52.73081133514643,110,0.4689164673740214,0.0,0.0,0.0,0.0
512,-1.7447393238544464,2,0.3723696768283844,0.0,0.0,0.0,0.0
513,-1.697092592716217,2,0.3485463261604309,0.0,0.0,0.0,0.0
514,-1.8592196106910706,2,0.42960983514785767,0.0,0.0,0.0,0.0
515,-1.3093252778053284,2,0.15466266870498657,0.0,0.0,0.0,0.0
516,-2.649730794131756,39,0.11768540510764489,1.0,1.0,0.0,0.0
517,-8.84113010764122,33,0.3270039441007556,1.0,1.0,0.0,0.0
518,-326.99410393834114,898,0.36202016094479633,0.0,0.0,0.0,0.0
519,-1.6531830430030823,2,0.3265915513038635,0.0,0.0,0.0,0.0
520,-1.5298471450805664,2,0.2649235725402832,0.0,0.0,0.0,0.0
521,-181.5379719734192,290,0.6218550764281174,0.0,0.0,0.0,0.0
522,-1.4336764514446259,2,0.21683821082115173,0.0,0.0,0.0,0.0
523,-1.855545312166214,2,0.4277726709842682,0.0,0.0,0.0,0.0
524,-1.864645928144455,2,0.4323229491710663,0.0,0.0,0.0,0.0
525,-1.8504655361175537,2,0.42523276805877686,0.0,0.0,0.0,0.0
526,-85.24319598078728,219,0.38380454814053017,0.0,0.0,0.0,0.0
527,-2.0302301049232483,2,0.5151150822639465,0.0,0.0,0.0,0.0
528,-1.4080924689769745,2,0.20404621958732605,0.0,0.0,0.0,0.0
529,-1.6403389275074005,2,0.32016947865486145,0.0,0.0,0.0,0.0
530,-1.6144667267799377,2,0.30723339319229126,0.0,0.0,0.0,0.0
531,-17.316993802785873,55,0.3483089799230749,1.0,1.0,0.0,0.0
532,-84.4736322760582,264,0.3259986082487034,1.0,1.0,0.0,0.0
533,-4.78410892188549,32,0.21137840393930674,1.0,1.0,0.0,0.0
534,-78.83809980750084,124,0.6511137091344402,1.0,1.0,0.0,0.0
535,-119.27224391698837,311,0.3776921048233363,0.0,0.0,0.0,0.0
536,-32.13171149790287,156,0.216613535124522,1.0,1.0,0.0,0.0
537,-57.526462733745575,74,0.7623846329547264,0.0,0.0,0.0,0.0
538,-1.8549296855926514,2,0.4274648427963257,0.0,0.0,0.0,0.0
539,-1.526598483324051,2,0.26329925656318665,0.0,0.0,0.0,0.0
540,-1.9156570732593536,2,0.4528285562992096,0.0,0.0,0.0,0.0
541,-351.7096433341503,559,0.6315736026638096,1.0,1.0,0.0,0.0
542,-35.14538198709488,47,0.724157065787214,0.0,0.0,0.0,0.0
543,-1.7460220158100128,2,0.3680110275745392,0.0,0.0,0.0,0.0
544,-1.2411653697490692,2,0.12058266997337341,0.0,0.0,0.0,0.0
545,-1.5688802599906921,2,0.27944010496139526,0.0,0.0,0.0,0.0
546,1.9179505109786987,1,0.08204948902130127,1.0,1.0,0.0,0.0
547,-246.81530076265335,417,0.5884299787828963,0.0,0.0,0.0,0.0
548,-1.7628255486488342,2,0.3814128041267395,0.0,0.0,0.0,0.0
549,-1.775447428226471,2,0.38772374391555786,0.0,0.0,0.0,0.0
550,-1.6268008053302765,2,0.31340041756629944,0.0,0.0,0.0,0.0
551,-5.917393520474434,40,0.19718483686447144,1.0,1.0,0.0,0.0
552,-100.75109329819679,207,0.49367678151038535,1.0,1.0,0.0,0.0
553,-50.29080092906952,65,0.7564738612908584,0.0,0.0,0.0,0.0
554,-2.016674518585205,2,0.5083372592926025,0.0,0.0,0.0,0.0
555,-1.6756233870983124,2,0.337811678647995,0.0,0.0,0.0,0.0
556,1.9334520101547241,1,0.06654796004295349,1.0,1.0,0.0,0.0
557,-151.4108022749424,266,0.5626721913205054,0.0,0.0,0.0,0.0
558,-1.8718863129615784,2,0.4359431862831116,0.0,0.0,0.0,0.0
559,-1.2203781306743622,2,0.1101890504360199,0.0,0.0,0.0,0.0
560,-1.5456106662750244,2,0.2678053379058838,0.0,0.0,0.0,0.0
561,-11.831939727067947,72,0.18988805057273972,1.0,1.0,0.0,0.0
562,-337.07540722191334,1086,0.3110086630556465,1.0,1.0,0.0,0.0
563,-101.49712643027306,241,0.4140959618249869,0.0,0.0,0.0,0.0
564,-1.5401176810264587,2,0.270058810710907,0.0,0.0,0.0,0.0
565,-1.264211654663086,2,0.13210582733154297,0.0,0.0,0.0,0.0
566,-11.647173136472702,54,0.25179950341030405,1.0,1.0,0.0,0.0
567,1.953948736190796,1,0.04605129361152649,1.0,1.0,0.0,0.0
568,-78.54741251468658,117,0.6610035279877166,0.0,0.0,0.0,0.0
569,-1.3906002342700958,2,0.1953001320362091,0.0,0.0,0.0,0.0
570,-1.7079162895679474,2,0.34895816445350647,0.0,0.0,0.0,0.0
571,-51.5389217287302,174,0.30510874674923116,1.0,1.0,0.0,0.0
572,-51.38465750217438,65,0.7742255027477558,0.0,0.0,0.0,0.0
573,1.9592461585998535,1,0.04075387120246887,1.0,1.0,0.0,0.0
574,1.9653164148330688,1,0.03468358516693115,1.0,1.0,0.0,0.0
575,-1.701147586107254,2,0.3455738127231598,0.0,0.0,0.0,0.0
576,-110.5063786804676,216,0.5041499031638658,0.0,0.0,0.0,0.0
577,-1.5544287860393524,2,0.277214378118515,0.0,0.0,0.0,0.0
578,-1.5521591305732727,2,0.2710795998573303,0.0,0.0,0.0,0.0
579,-1.64718559384346,2,0.32359281182289124,0.0,0.0,0.0,0.0
580,-1.6369602680206299,2,0.3134801387786865,0.0,0.0,0.0,0.0
581,-5.689359173178673,39,0.19511177295293564,1.0,1.0,0.0,0.0
582,-4.586821228265762,30,0.21756070951620737,1.0,1.0,0.0,0.0
583,-12.335627436637878,48,0.2961589054514964,1.0,1.0,0.0,0.0
584,-57.719130367040634,108,0.5236956535114182,0.0,0.0,0.0,0.0
585,-1.4935429096221924,2,0.2467714548110962,0.0,0.0,0.0,0.0
586,-420.560771048069,767,0.545359546408504,0.0,0.0,0.0,0.0
587,-1.7336404025554657,2,0.36682018637657166,0.0,0.0,0.0,0.0
588,-1.5651843547821045,2,0.28259217739105225,0.0,0.0,0.0,0.0
589,-2.1072378158569336,2,0.5536189079284668,0.0,0.0,0.0,0.0
590,-1.4175076186656952,2,0.20375379920005798,0.0,0.0,0.0,0.0
591,1.0544204115867615,4,0.23639490455389023,1.0,1.0,0.0,0.0
592,-10.229529023170471,51,0.23724566838320563,1.0,1.0,0.0,0.0
593,1.7950969189405441,2,0.09745155274868011,1.0,1.0,0.0,0.0
594,1.9191828966140747,1,0.0808170735836029,1.0,1.0,0.0,0.0
595,-81.96014481782913,116,0.6938805626384144,0.0,0.0,0.0,0.0
596,-60.85059289634228,210,0.29581234866664524,1.0,1.0,0.0,0.0
597,-59.394709557294846,68,0.857275140197838,0.0,0.0,0.0,0.0
598,-1.55672025680542,2,0.27836012840270996,0.0,0.0,0.0,0.0
599,-1.612457513809204,2,0.30122876167297363,0.0,0.0,0.0,0.0
600,-1.3238074779510498,2,0.1619037389755249,0.0,0.0,0.0,0.0
601,0.3297295570373535,7,0.23718149747167314,1.0,1.0,0.0,0.0
602,-468.02024488151073,786,0.5926720686162095,0.0,0.0,0.0,0.0
603,-1.8663925528526306,2,0.4331962466239929,0.0,0.0,0.0,0.0
604,-2.1291274428367615,2,0.5645636916160583,0.0,0.0,0.0,0.0
605,-1.5502665042877197,2,0.27013325691223145,0.0,0.0,0.0,0.0
606,-19.6651399359107,93,0.23080795490613548,1.0,1.0,0.0,0.0
607,1.9476208686828613,1,0.05237919092178345,1.0,1.0,0.0,0.0
608,-167.60715234279633,257,0.6460978705363515,0.0,0.0,0.0,0.0
609,-2.033153533935547,2,0.511576771736145,0.0,0.0,0.0,0.0
610,-1.9393489360809326,2,0.4696744680404663,0.0,0.0,0.0,0.0
611,-148.35580606013536,427,0.34825716029843906,1.0,1.0,0.0,0.0
612,-424.1882144212723,1030,0.4090662290459698,0.0,0.0,0.0,0.0
613,-1.4127426147460938,2,0.20137131214141846,0.0,0.0,0.0,0.0
614,-1.4372863173484802,2,0.21864312887191772,0.0,0.0,0.0,0.0
615,-2.0123651027679443,2,0.5011825561523438,0.0,0.0,0.0,0.0
616,-122.61633959412575,490,0.2501762039807378,1.0,1.0,0.0,0.0
617,-54.707034431397915,176,0.31890360689298675,1.0,1.0,0.0,0.0
618,-82.16789549589157,119,0.6798982830608592,0.0,0.0,0.0,0.0
619,-1.6829479336738586,2,0.3364740014076233,0.0,0.0,0.0,0.0
620,-1.8582959175109863,2,0.42414796352386475,0.0,0.0,0.0,0.0
621,-6.474474534392357,54,0.15452730379722737,1.0,1.0,0.0,0.0
622,-195.52343760430813,580,0.3386266180410467,1.0,1.0,0.0,0.0
623,-88.72664380073547,98,0.891088204724448,0.0,0.0,0.0,0.0
624,-1.9244056046009064,2,0.4622028172016144,0.0,0.0,0.0,0.0
625,-2.1046552658081055,2,0.5523276329040527,0.0,0.0,0.0,0.0
626,-141.90517473220825,195,0.7206419235620743,0.0,0.0,0.0,0.0
627,-1.3685557842254639,2,0.17927789688110352,0.0,0.0,0.0,0.0
628,-1.7557534575462341,2,0.3778766989707947,0.0,0.0,0.0,0.0
629,-1.442425698041916,2,0.21621283888816833,0.0,0.0,0.0,0.0
630,-1.6290595531463623,2,0.31452977657318115,0.0,0.0,0.0,0.0
631,-61.235803224146366,198,0.3012919371778315,0.0,0.0,0.0,0.0
632,-1.4630065560340881,2,0.23150330781936646,0.0,0.0,0.0,0.0
633,1.9167736768722534,1,0.08322632312774658,1.0,1.0,0.0,0.0
634,-1.2384335473179817,2,0.11421674489974976,0.0,0.0,0.0,0.0
635,-1.7730915546417236,2,0.3865457773208618,0.0,0.0,0.0,0.0
636,-34.78656405210495,65,0.5168702189738934,0.0,0.0,0.0,0.0
637,-1.4121580123901367,2,0.20107901096343994,0.0,0.0,0.0,0.0
638,-1.8057256042957306,2,0.4028628170490265,0.0,0.0,0.0,0.0
639,-2.0363475680351257,2,0.5131737589836121,0.0,0.0,0.0,0.0
640,-1.6254090666770935,2,0.31270450353622437,0.0,0.0,0.0,0.0
641,-106.53022003173828,252,0.41777865151091226,0.0,0.0,0.0,0.0
642,1.8989098072052002,1,0.09109023213386536,1.0,1.0,0.0,0.0
643,-1.5927572548389435,2,0.29637864232063293,0.0,0.0,0.0,0.0
644,-1.6795971393585205,2,0.33979856967926025,0.0,0.0,0.0,0.0
645,-1.3016566634178162,2,0.1508283019065857,0.0,0.0,0.0,0.0
646,-165.282088637352,197,0.8332085718358229,0.0,0.0,0.0,0.0
647,-1.611756980419159,2,0.30087846517562866,0.0,0.0,0.0,0.0
648,-1.9261621832847595,2,0.4630810618400574,0.0,0.0,0.0,0.0
649,-1.528416633605957,2,0.2592083215713501,0.0,0.0,0.0,0.0
650,-1.7081227600574493,2,0.35406139492988586,0.0,0.0,0.0,0.0
651,-145.99956677109003,368,0.3980966520536205,1.0,1.0,0.0,0.0
652,-14.558523491024971,81,0.20084596857612516,1.0,1.0,0.0,0.0
653,-49.53757441043854,66,0.7340541590343822,0.0,0.0,0.0,0.0
654,-1.4986920952796936,2,0.2493460774421692,0.0,0.0,0.0,0.0
655,-1.6489970982074738,2,0.32449856400489807,0.0,0.0,0.0,0.0
656,-180.9194319024682,625,0.2887350924015045,1.0,1.0,0.0,0.0
657,-279.79258236289024,459,0.605996913055449,0.0,0.0,0.0,0.0
658,-1.7980051040649414,2,0.3990025520324707,0.0,0.0,0.0,0.0
659,-1.4224760085344315,2,0.20623797178268433,0.0,0.0,0.0,0.0
660,-1.6562311351299286,2,0.3281155526638031,0.0,0.0,0.0,0.0
661,-31.497295208275318,165,0.20119572805635857,1.0,1.0,0.0,0.0
662,-263.62221974134445,437,0.5995474148805955,0.0,0.0,0.0,0.0
663,-1.6301517486572266,2,0.3150758743286133,0.0,0.0,0.0,0.0
664,1.9229556322097778,1,0.06704437732696533,1.0,1.0,0.0,0.0
665,-1.4179909229278564,2,0.20899546146392822,0.0,0.0,0.0,0.0
666,1.9447592496871948,1,0.055240780115127563,1.0,1.0,0.0,0.0
667,-13.848402082920074,51,0.3056549470798642,1.0,1.0,0.0,0.0
668,-113.33819036185741,245,0.4572987364871161,0.0,0.0,0.0,0.0
669,-1.657929003238678,2,0.3289645314216614,0.0,0.0,0.0,0.0
670,-1.783951222896576,2,0.3919755816459656,0.0,0.0,0.0,0.0
671,-124.59951494634151,296,0.4150659308038853,0.0,0.0,0.0,0.0
672,-1.3728618621826172,2,0.18143093585968018,0.0,0.0,0.0,0.0
673,-1.3697185516357422,2,0.17985928058624268,0.0,0.0,0.0,0.0
674,-1.626826286315918,2,0.313413143157959,0.0,0.0,0.0,0.0
675,1.9881510734558105,1,0.01184895634651184,1.0,1.0,0.0,0.0
676,-547.5755663067102,1095,0.499146638341146,1.0,1.0,0.0,0.0
677,-34.0548121035099,42,0.7846383856875556,0.0,0.0,0.0,0.0
678,-1.44511216878891,2,0.22255605459213257,0.0,0.0,0.0,0.0
679,-1.964573621749878,2,0.48228681087493896,0.0,0.0,0.0,0.0
680,-1.870671272277832,2,0.4303356409072876,0.0,0.0,0.0,0.0
681,-5.979541279375553,31,0.25321101373241794,1.0,1.0,0.0,0.0
682,-241.8147037178278,594,0.4070786283875154,1.0,1.0,0.0,0.0
683,1.9263719320297241,1,0.07362803816795349,1.0,1.0,0.0,0.0
684,-0.8112953752279282,18,0.15451640884081522,1.0,1.0,0.0,0.0
685,-51.35866467654705,102,0.4888104425341475,0.0,0.0,0.0,0.0
686,1.9264607429504395,1,0.07353919744491577,1.0,1.0,0.0,0.0
687,-38.098913222551346,123,0.3221049883016726,1.0,1.0,0.0,0.0
688,-1.7393336072564125,27,0.1359012413907934,1.0,1.0,0.0,0.0
689,-144.1207947731018,234,0.6101316027661674,0.0,0.0,0.0,0.0
690,-1.648975819349289,2,0.31948789954185486,0.0,0.0,0.0,0.0
691,-6.0814065635204315,63,0.12605407029863389,1.0,1.0,0.0,0.0
692,-203.10296612977982,564,0.3548279567390469,0.0,0.0,0.0,0.0
693,-1.6402969360351562,2,0.3201484680175781,0.0,0.0,0.0,0.0
694,-1.9035570621490479,2,0.4467785358428955,0.0,0.0,0.0,0.0
695,-1.734536200761795,2,0.3622681200504303,0.0,0.0,0.0,0.0
696,-117.38510099053383,429,0.2742543170154789,1.0,1.0,0.0,0.0
697,-11.66846789419651,48,0.2814264167100191,1.0,1.0,0.0,0.0
698,-7.95690031349659,37,0.2650513616768089,1.0,1.0,0.0,0.0
699,-278.2803068384528,932,0.29647028823523053,1.0,1.0,0.0,0.0
700,-83.99988058209419,240,0.35612450328965983,1.0,1.0,0.0,0.0
701,-61.997227147221565,138,0.43867556113695755,0.0,0.0,0.0,0.0
702,-1.471225529909134,2,0.23561277985572815,0.0,0.0,0.0,0.0
703,-1.894554078578949,2,0.4472770094871521,0.0,0.0,0.0,0.0
704,1.916197657585144,1,0.08380231261253357,1.0,1.0,0.0,0.0
705,-1.6214552223682404,2,0.31072762608528137,0.0,0.0,0.0,0.0
706,-30.49459908902645,111,0.290311705019023,1.0,1.0,0.0,0.0
707,-70.37888091802597,83,0.8350467588528093,0.0,0.0,0.0,0.0
708,-1.901306837797165,2,0.45065340399742126,0.0,0.0,0.0,0.0
709,-1.913701742887497,2,0.4568508565425873,0.0,0.0,0.0,0.0
710,-1.6917409300804138,2,0.3408704400062561,0.0,0.0,0.0,0.0
711,-220.53393283486366,669,0.33061873498518907,1.0,1.0,0.0,0.0
712,-5.828056961297989,38,0.2033699194067403,1.0,1.0,0.0,0.0
713,-51.10356316715479,180,0.29263090706533856,1.0,1.0,0.0,0.0
714,-15.819041520357132,37,0.39727139553508245,0.0,0.0,0.0,0.0
715,-1.548964500427246,2,0.27448225021362305,0.0,0.0,0.0,0.0
716,-227.21454529464245,609,0.3724212591186141,1.0,1.0,0.0,0.0
717,-6.7208531349897385,35,0.24573866299220493,1.0,1.0,0.0,0.0
718,-12.619011230766773,71,0.20308466486527887,1.0,1.0,0.0,0.0
719,-216.42921742796898,533,0.40260641243287815,0.0,0.0,0.0,0.0
720,-1.752416878938675,2,0.37620845437049866,0.0,0.0,0.0,0.0
721,-36.27817517518997,111,0.34322680412112055,1.0,1.0,0.0,0.0
722,-33.43460988998413,90,0.3903845561875237,1.0,1.0,0.0,0.0
723,-88.56683558225632,195,0.4631632598546835,1.0,1.0,0.0,0.0
724,-47.44287034869194,84,0.5500341742521241,0.0,0.0,0.0,0.0
725,-1.5829212367534637,2,0.2914606034755707,0.0,0.0,0.0,0.0
726,-8.881074607372284,37,0.2913803965658755,1.0,1.0,0.0,0.0
727,-134.16911579668522,329,0.4118514165599295,1.0,1.0,0.0,0.0
728,-62.70643699169159,92,0.6678960563048072,0.0,0.0,0.0,0.0
729,-1.2816646099090576,2,0.1408323049545288,0.0,0.0,0.0,0.0
730,-1.944309264421463,2,0.4721546471118927,0.0,0.0,0.0,0.0
731,-446.6260764449835,994,0.44582100461426394,0.0,0.0,0.0,0.0
732,-2.1214829087257385,2,0.5607414841651917,0.0,0.0,0.0,0.0
733,-1.571416586637497,2,0.28070828318595886,0.0,0.0,0.0,0.0
734,-1.4191384315490723,2,0.20956921577453613,0.0,0.0,0.0,0.0
735,-1.7800087332725525,2,0.39000433683395386,0.0,0.0,0.0,0.0
736,-42.44782969355583,152,0.28952519605426413,1.0,1.0,0.0,0.0
737,1.0928038358688354,6,0.1511993706226349,1.0,1.0,0.0,0.0
738,-49.666420228779316,166,0.3091953034142414,1.0,1.0,0.0,0.0
739,-46.13120074570179,98,0.4577673570233948,0.0,0.0,0.0,0.0
740,-2.0447795391082764,2,0.5223897695541382,0.0,0.0,0.0,0.0
741,-29.945450618863106,108,0.2935689886411031,1.0,1.0,0.0,0.0
742,-38.23033566772938,153,0.2592832411036772,1.0,1.0,0.0,0.0
743,-254.98361864686012,591,0.43173201394766925,1.0,1.0,0.0,0.0
744,-31.388053566217422,48,0.6314177842189869,0.0,0.0,0.0,0.0
745,-1.8747532367706299,2,0.43737661838531494,0.0,0.0,0.0,0.0
746,-10.847623772919178,72,0.17580032928122413,1.0,1.0,0.0,0.0
747,-51.5202662050724,132,0.40250201918410533,1.0,1.0,0.0,0.0
748,-46.7802329659462,56,0.8153613060712814,0.0,0.0,0.0,0.0
749,-1.8580014407634735,2,0.42900070548057556,0.0,0.0,0.0,0.0
750,-1.7623138427734375,2,0.38115692138671875,0.0,0.0,0.0,0.0
751,-40.94877119362354,141,0.30254447756084146,1.0,1.0,0.0,0.0
752,0.18376491218805313,15,0.11974900166193644,1.0,1.0,0.0,0.0
753,-16.648656010627747,38,0.4089120030403137,0.0,0.0,0.0,0.0
754,-1.7212436199188232,2,0.3556218147277832,0.0,0.0,0.0,0.0
755,-1.6691925823688507,2,0.33459630608558655,0.0,0.0,0.0,0.0
